{"cameraMode":{"drawMode":0,"name":"Shaded","section":"Shading Mode"},"sceneLighting":false,"audioPlay":false,"sceneViewState":{"showFog":true,"showMaterialUpdate":false,"showSkybox":true,"showFlares":true,"showImageEffects":true,"showParticleSystems":true},"in2DMode":false,"pivot":{"x":0.0,"y":0.26031234860420229,"z":-0.00047378242015838623},"rotation":{"x":-0.12633031606674195,"y":-0.1988593190908432,"z":0.025858616456389428,"w":-0.9715086221694946},"size":1.5229992866516114,"orthographic":false}